{"scriptfile":"Скрипт запущен Fri 02 Oct 2015 07:38:40 AM MSK\n\u001b]0;alpaca@alpa-note: ~/prog/screenreplay_web\u0007alpaca@alpa-note:~/prog/screenreplay_web$ ls\r\n\u001b[0m\u001b[01;34mdata\u001b[0m  example.timings  example.ts  index.html  \u001b[01;34mlib\u001b[0m  \u001b[01;34msrc\u001b[0m\r\n\u001b]0;alpaca@alpa-note: ~/prog/screenreplay_web\u0007alpaca@alpa-note:~/prog/screenreplay_web$ tree\r\n\u001b[01;34m.\u001b[00m\r\n├── \u001b[01;34mdata\u001b[00m\r\n│   ├── example.json\r\n│   ├── sync.ts\r\n│   └── sync.ts.timing\r\n├── example.timings\r\n├── example.ts\r\n├── index.html\r\n├── \u001b[01;34mlib\u001b[00m\r\n│   ├── application.css\r\n│   ├── jquery.fullscreen-min.js\r\n│   ├── \u001b[01;34mjqui\u001b[00m\r\n│   │   ├── \u001b[01;34mimages\u001b[00m\r\n│   │   │   ├── \u001b[01;35mui-bg_flat_30_cccccc_40x100.png\u001b[00m\r\n│   │   │   ├── \u001b[01;35mui-bg_flat_50_5c5c5c_40x100.png\u001b[00m\r\n│   │   │   ├── \u001b[01;35mui-bg_glass_40_ffc73d_1x400.png\u001b[00m\r\n│   │   │   ├── \u001b[01;35mui-bg_highlight-hard_20_0972a5_1x100.png\u001b[00m\r\n│   │   │   ├── \u001b[01;35mui-bg_highlight-soft_33_003147_1x100.png\u001b[00m\r\n│   │   │   ├── \u001b[01;35mui-bg_highlight-soft_35_222222_1x100.png\u001b[00m\r\n│   │   │   ├── \u001b[01;35mui-bg_highlight-soft_44_444444_1x100.png\u001b[00m\r\n│   │   │   ├── \u001b[01;35mui-bg_highlight-soft_80_eeeeee_1x100.png\u001b[00m\r\n│   │   │   ├── \u001b[01;35mui-bg_loop_25_000000_21x21.png\u001b[00m\r\n│   │   │   ├── \u001b[01;35mui-icons_222222_256x240.png\u001b[00m\r\n│   │   │   ├── \u001b[01;35mui-icons_4b8e0b_256x240.png\u001b[00m\r\n│   │   │   ├── \u001b[01;35mui-icons_a83300_256x240.png\u001b[00m\r\n│   │   │   ├── \u001b[01;35mui-icons_cccccc_256x240.png\u001b[00m\r\n│   │   │   └── \u001b[01;35mui-icons_ffffff_256x240.png\u001b[00m\r\n│   │   ├── jquery-ui.min.css\r\n│   │   ├── jquery-ui.min.js\r\n│   │   └── jquery-ui.theme.min.css\r\n│   ├── showterm.js\r\n│   └── term.js\r\n└── \u001b[01;34msrc\u001b[00m\r\n    └── script.js\r\n\r\n5 directories, 28 files\r\n\u001b]0;alpaca@alpa-note: ~/prog/screenreplay_web\u0007alpaca@alpa-note:~/prog/screenreplay_web$ echo \"Example script replay\"\r\nExample script replay\r\n\u001b]0;alpaca@alpa-note: ~/prog/screenreplay_web\u0007alpaca@alpa-note:~/prog/screenreplay_web$ exit\r\n\nСкрипт выполнен Fri 02 Oct 2015 07:39:16 AM MSK\n","timingfile":"0.381741 88\n0.083265 1\n3.057712 1\n0.103008 2\n0.205091 95\n0.003044 2\n0.000018 88\n0.000614 1\n3.679272 1\n0.087181 1\n0.259172 1\n0.157419 2\n0.200946 16\n0.004295 88\n0.000011 34\n0.000009 71\n0.000054 63\n0.000047 44\n0.000009 37\n0.000349 47\n0.000229 80\n0.000009 78\n0.000008 2\n0.000008 78\n0.000008 2\n0.000007 267\n0.000064 89\n0.000008 87\n0.000007 2\n0.000008 77\n0.000007 2\n0.000007 74\n0.000007 2\n0.000007 74\n0.000008 2\n0.000007 74\n0.000007 2\n0.000007 74\n0.000007 2\n0.000007 74\n0.000008 2\n0.000007 43\n0.000007 2\n0.000147 233\n0.000011 88\n0.000423 1\n12.961937 1\n0.515146 1\n0.222994 1\n0.048096 1\n0.173424 1\n0.548069 1\n0.695000 1\n0.236281 1\n0.244283 1\n0.272755 1\n0.237927 1\n0.070954 1\n0.193907 1\n0.189429 1\n0.189545 1\n0.222830 1\n0.405107 1\n0.213715 1\n0.134444 1\n0.078186 1\n0.254784 1\n0.906169 1\n0.094015 1\n0.334438 1\n0.119566 1\n0.127699 1\n0.152074 1\n0.389710 2\n3.246749 21\n0.000202 2\n0.000296 88\n0.000973 4\n4.742374 2\n","columns":80,"lines":null,"title":"example.ts"}